{"cameraMode":{"drawMode":0,"name":"Shaded","section":"Shading Mode"},"sceneLighting":true,"audioPlay":false,"sceneViewState":{"showFog":true,"showMaterialUpdate":true,"showSkybox":true,"showFlares":true,"showImageEffects":true,"showParticleSystems":true},"in2DMode":false,"pivot":{"x":650.4200439453125,"y":108.804931640625,"z":-152.22340393066407},"rotation":{"x":0.009874438866972924,"y":-0.046183958649635318,"z":-0.00045681733172386885,"w":-0.9988840818405151},"size":6.307395935058594,"orthographic":false}