{"cameraMode":{"drawMode":0,"name":"Shaded","section":"Shading Mode"},"sceneLighting":true,"audioPlay":false,"sceneViewState":{"showFog":true,"showMaterialUpdate":true,"showSkybox":true,"showFlares":true,"showImageEffects":true,"showParticleSystems":true},"in2DMode":false,"pivot":{"x":-0.392017126083374,"y":-1.0089972019195557,"z":3.4989073276519777},"rotation":{"x":-0.31565001606941225,"y":0.6036949753761292,"z":-0.28208255767822268,"w":-0.6755345463752747},"size":6.307395935058594,"orthographic":false}