{"cameraMode":{"drawMode":0,"name":"Shaded","section":"Shading Mode"},"sceneLighting":false,"audioPlay":false,"sceneViewState":{"showFog":true,"showMaterialUpdate":false,"showSkybox":true,"showFlares":true,"showImageEffects":true,"showParticleSystems":true},"in2DMode":false,"pivot":{"x":4.150147438049316,"y":10.36524772644043,"z":-11.615751266479493},"rotation":{"x":-0.08637315779924393,"y":-0.37640172243118288,"z":0.005977028515189886,"w":-0.9224754571914673},"size":2.8578834533691408,"orthographic":false}